{"Accuracy": 0.8145460681741479, "Macro-P": 0.7680798995954408, "Macro-R": 0.7788116158109784, "Macro-F1": 0.7730083641176887, "W Macro-P": 0.8188016331182373, "W Macro-R": 0.8145460681741479, "W Macro-F1": 0.8163648788843122, "MCC": 0.5467862104064063, "C": 1.6540437965506034, "vocab_size": 13500, "embedding_dim": 100, "pca_components": 500, "ngram_range": 3, "min_df": 3, "max_df": 1.0}