{"Accuracy": 0.7738778265271684, "Macro-P": 0.7204966397633364, "Macro-R": 0.7341335374389675, "Macro-F1": 0.7263343545427275, "W Macro-P": 0.782068836876283, "W Macro-R": 0.7738778265271684, "W Macro-F1": 0.7772655395106751, "MCC": 0.4544256078224274, "C": 0.25126450105114684, "class_weight": null}