{"Accuracy": 0.8056024299696254, "Macro-P": 0.7572954374326339, "Macro-R": 0.7667939007318212, "Macro-F1": 0.7616818534403611, "W Macro-P": 0.8096379035476542, "W Macro-R": 0.8056024299696254, "W Macro-F1": 0.807363396481412, "MCC": 0.5240032572156498, "C": 0.24348268343861051, "kernel": "rbf", "gamma": "auto", "degree": 3, "use_feature_selection": false, "class_weight": null, "use_tfidf_weighting": true}