{"Accuracy": 0.7593655079311509, "Macro-P": 0.7047793282963479, "Macro-R": 0.7207129280812173, "Macro-F1": 0.7112041949516825, "W Macro-P": 0.7706111566070537, "W Macro-R": 0.7593655079311509, "W Macro-F1": 0.7638632173251012, "MCC": 0.4251938153773727, "C": 0.32598830620873975, "kernel": "sigmoid", "gamma": "auto", "use_feature_selection": false, "class_weight": null, "use_tfidf_weighting": false}