{"Accuracy": 0.7981775227809652, "Macro-P": 0.7485877065626989, "Macro-R": 0.7601551563229119, "Macro-F1": 0.7537971363681523, "W Macro-P": 0.803581274757809, "W Macro-R": 0.7981775227809652, "W Macro-F1": 0.8004706270073825, "MCC": 0.5086113394755293, "C": 1.500135849858602, "kernel": "rbf", "class_weight": null, "gamma": "scale"}