{"Accuracy": 0.7919338508268646, "Macro-P": 0.7607383958772569, "Macro-R": 0.6749045388843996, "Macro-F1": 0.6951523360502959, "W Macro-P": 0.781210413187937, "W Macro-R": 0.7919338508268646, "W Macro-F1": 0.7718471213449354, "MCC": 0.42710340153349113, "C": 0.5148251369774933, "kernel": "sigmoid", "gamma": "auto", "max_features": 15000, "min_df": 1, "max_df": 0.8, "ngram_range": "1,1"}