{"Accuracy": 0.8258521768477894, "Macro-P": 0.7871643880232613, "Macro-R": 0.76291214732026, "Macro-F1": 0.7732613183371299, "W Macro-P": 0.820596095805659, "W Macro-R": 0.8258521768477894, "W Macro-F1": 0.8220193462345389, "MCC": 0.5495416486094715, "C": 16.437230212948187, "kernel": "rbf", "gamma": "auto", "degree": 3, "use_feature_selection": false, "class_weight": "balanced", "use_tfidf_weighting": true}