{"Accuracy": 0.7863651704353696, "Macro-P": 0.7381851154718615, "Macro-R": 0.690253149790014, "Macro-F1": 0.705734661192563, "W Macro-P": 0.7740154767516373, "W Macro-R": 0.7863651704353696, "W Macro-F1": 0.7745123296182452, "MCC": 0.42574860399827436, "C": 0.020320046566856015, "kernel": "rbf", "gamma": "auto", "degree": 3, "use_feature_selection": false, "class_weight": null, "use_tfidf_weighting": true}