{"Accuracy": 0.8266959163010462, "Macro-P": 0.7864376942764255, "Macro-R": 0.7697066740266096, "Macro-F1": 0.777205216441986, "W Macro-P": 0.822670094098584, "W Macro-R": 0.8266959163010462, "W Macro-F1": 0.8240911426242535, "MCC": 0.5558926437331063, "C": 3.7600067033073348, "kernel": "rbf", "gamma": "auto", "degree": 3, "use_feature_selection": false, "class_weight": null, "use_tfidf_weighting": true}