{"Accuracy": 0.7730340870739115, "Macro-P": 0.7196534411691056, "Macro-R": 0.7337384621513037, "Macro-F1": 0.7256397148652545, "W Macro-P": 0.7816030854954725, "W Macro-R": 0.7730340870739115, "W Macro-F1": 0.7765554716107301, "MCC": 0.453173068683957, "C": 0.2642759798907672, "class_weight": null}