{"Accuracy": 0.7797840026999663, "Macro-P": 0.727387929169736, "Macro-R": 0.7412281051181954, "Macro-F1": 0.7333460636009272, "W Macro-P": 0.7876661946310357, "W Macro-R": 0.7797840026999663, "W Macro-F1": 0.783032592859341, "MCC": 0.4684116107884852, "C": 1.9719644082168857, "kernel": "linear", "use_feature_selection": true, "feature_selection_method": "pca", "n_components": 0.8101255584619669, "class_weight": null, "use_tfidf_weighting": false}