{"Accuracy": 0.7563280458994263, "Macro-P": 0.7114261551816174, "Macro-R": 0.7447755312247476, "Macro-F1": 0.7204105064023185, "W Macro-P": 0.7855899522099085, "W Macro-R": 0.7563280458994263, "W Macro-F1": 0.7651552378097325, "MCC": 0.454981096088118, "C": 0.12352471456511871, "class_weight": "balanced"}