{"Accuracy": 0.8135335808302396, "Macro-P": 0.766860108029856, "Macro-R": 0.7773587858370417, "Macro-F1": 0.7716883800893738, "W Macro-P": 0.817724197416106, "W Macro-R": 0.8135335808302396, "W Macro-F1": 0.8153314235108681, "MCC": 0.5441176179889885, "C": 2.0112737252659674, "vocab_size": 19000, "embedding_dim": 100, "pca_components": 560}