{"Accuracy": 0.8275396557543031, "Macro-P": 0.7847574667607241, "Macro-R": 0.7834653096297646, "Macro-F1": 0.7841058939748426, "W Macro-P": 0.8271550967521136, "W Macro-R": 0.8275396557543031, "W Macro-F1": 0.8273435665363371, "MCC": 0.5682213071848539, "C": 2.3066166560926904, "kernel": "rbf", "gamma": "auto", "use_feature_selection": false, "class_weight": null, "use_tfidf_weighting": false}