{"Accuracy": 0.8158960512993587, "Macro-P": 0.7697860970881347, "Macro-R": 0.783885708432446, "Macro-F1": 0.7760751026713159, "W Macro-P": 0.8216597955757616, "W Macro-R": 0.8158960512993587, "W Macro-F1": 0.8182384600421847, "MCC": 0.5534922485350261, "C": 2.0326513049845856, "vocab_size": 18500, "embedding_dim": 300, "pca_components": 500, "ngram_range": 1, "min_df": 1, "max_df": 1.0}