{"Accuracy": 0.8278771515356058, "Macro-P": 0.7897181852890354, "Macro-R": 0.7660060264275065, "Macro-F1": 0.7761817100053277, "W Macro-P": 0.8228226523999945, "W Macro-R": 0.8278771515356058, "W Macro-F1": 0.8242105506967308, "MCC": 0.5552180949951986, "C": 9.12653650293279, "kernel": "rbf", "gamma": "auto", "degree": 3, "use_feature_selection": false, "class_weight": "balanced", "use_tfidf_weighting": true}