{"Accuracy": 0.8120148498143773, "Macro-P": 0.7693107897799294, "Macro-R": 0.7420529688264685, "Macro-F1": 0.7532477241000273, "W Macro-P": 0.8053193757745595, "W Macro-R": 0.8120148498143773, "W Macro-F1": 0.8070159864237376, "MCC": 0.5106367640631954, "C": 1.1301500020179587, "kernel": "poly", "gamma": "auto", "degree": 4, "use_feature_selection": false, "class_weight": null, "use_tfidf_weighting": false}