{"Accuracy": 0.776915288558893, "Macro-P": 0.7239908469545115, "Macro-R": 0.7375509315639119, "Macro-F1": 0.7298263256635215, "W Macro-P": 0.7848240669741436, "W Macro-R": 0.776915288558893, "W Macro-F1": 0.7801890563915542, "MCC": 0.4613425380596673, "C": 0.19204257313127285, "class_weight": null}