{"Accuracy": 0.8251771852851839, "Macro-P": 0.7864461586411096, "Macro-R": 0.7615044159657649, "Macro-F1": 0.7720927960318772, "W Macro-P": 0.819784576500648, "W Macro-R": 0.8251771852851839, "W Macro-F1": 0.8212051365788176, "MCC": 0.5473826282266554, "C": 25.745835059501765, "kernel": "rbf", "gamma": "auto", "degree": 3, "use_feature_selection": false, "class_weight": null, "use_tfidf_weighting": true}