{"Accuracy": 0.744684441444482, "Macro-P": 0.698822418178589, "Macro-R": 0.7301383972775799, "Macro-F1": 0.7070099452480831, "W Macro-P": 0.7744776011970134, "W Macro-R": 0.744684441444482, "W Macro-F1": 0.753921341453105, "MCC": 0.42781618792408144, "C": 4.622589001020832, "kernel": "linear", "class_weight": "balanced"}