{"Accuracy": 0.7063786702666217, "Macro-P": 0.6627697216952639, "Macro-R": 0.6919872415009731, "Macro-F1": 0.6676901395958978, "W Macro-P": 0.7453085471028552, "W Macro-R": 0.7063786702666217, "W Macro-F1": 0.7183181574765779, "MCC": 0.353551749355903, "C": 2.134602240952465, "kernel": "sigmoid", "gamma": "auto", "use_feature_selection": false, "class_weight": "balanced", "use_tfidf_weighting": true}