{"Accuracy": 0.7691528855889301, "Macro-P": 0.7156832459676992, "Macro-R": 0.7312435268543073, "Macro-F1": 0.7221200294841588, "W Macro-P": 0.779127491007061, "W Macro-R": 0.7691528855889301, "W Macro-F1": 0.7731655328694029, "MCC": 0.44665581595208537, "C": 13.731383976335538, "kernel": "rbf", "gamma": "auto", "use_feature_selection": true, "feature_selection_method": "kbest", "k_best": 19, "class_weight": null, "use_tfidf_weighting": false}