{"Accuracy": 0.7740465744178198, "Macro-P": 0.7207159525923537, "Macro-R": 0.7344384154877479, "Macro-F1": 0.7265851214176793, "W Macro-P": 0.7822835029196588, "W Macro-R": 0.7740465744178198, "W Macro-F1": 0.7774490358115116, "MCC": 0.45494746157603866, "C": 0.23458818404692608, "class_weight": null}