{"Accuracy": 0.818764765440432, "Macro-P": 0.7784907834101382, "Macro-R": 0.751048365068345, "Macro-F1": 0.7624156353775952, "W Macro-P": 0.8125806607140913, "W Macro-R": 0.818764765440432, "W Macro-F1": 0.8140787670984081, "MCC": 0.5288275933107794, "C": 6.087700096316447, "kernel": "poly", "gamma": "auto", "degree": 4, "use_feature_selection": true, "feature_selection_method": "pca", "n_components": 0.9820863924013439, "class_weight": "balanced", "use_tfidf_weighting": true}