{"Accuracy": 0.8108336145798177, "Macro-P": 0.7664729645272087, "Macro-R": 0.7978903235719245, "Macro-F1": 0.7778645700187728, "W Macro-P": 0.8276074853809606, "W Macro-R": 0.8108336145798177, "W Macro-F1": 0.8160757359883413, "MCC": 0.5634881280956331, "C": 0.8310874035560815, "kernel": "rbf", "gamma": "auto", "degree": 3, "use_feature_selection": false, "class_weight": "balanced", "use_tfidf_weighting": true}