{"Accuracy": 0.8258521768477894, "Macro-P": 0.7875793152166439, "Macro-R": 0.7617828323640212, "Macro-F1": 0.7726828310942211, "W Macro-P": 0.820395255552357, "W Macro-R": 0.8258521768477894, "W Macro-F1": 0.8217707895254638, "MCC": 0.548756148636965, "C": 95.48346950504158, "kernel": "rbf", "gamma": "auto", "degree": 3, "use_feature_selection": false, "class_weight": null, "use_tfidf_weighting": true}