{"Accuracy": 0.7900776240296996, "Macro-P": 0.7377693566947039, "Macro-R": 0.7370511478096582, "Macro-F1": 0.7374080279948251, "W Macro-P": 0.7897632242260332, "W Macro-R": 0.7900776240296996, "W Macro-F1": 0.7899188611177633, "MCC": 0.47481996132615834, "C": 0.3839629299804172, "kernel": "rbf", "class_weight": null, "gamma": "auto"}