{"Accuracy": 0.7917651029362133, "Macro-P": 0.7404731556585554, "Macro-R": 0.7480051329911339, "Macro-F1": 0.7439883858899261, "W Macro-P": 0.7953310750185726, "W Macro-R": 0.7917651029362133, "W Macro-F1": 0.7933701020244871, "MCC": 0.48842021641163746, "C": 8.915858332407133, "kernel": "rbf", "class_weight": "balanced", "gamma": "scale"}