{"Accuracy": 0.8261896726290922, "Macro-P": 0.7847052664673501, "Macro-R": 0.7731210805458498, "Macro-F1": 0.7784871959242498, "W Macro-P": 0.8231662821309694, "W Macro-R": 0.8261896726290922, "W Macro-F1": 0.8243856516918908, "MCC": 0.5577060516603948, "C": 2.616404159302265, "kernel": "rbf", "gamma": "auto", "degree": 3, "use_feature_selection": false, "class_weight": null, "use_tfidf_weighting": true}