{"Accuracy": 0.7936213297333783, "Macro-P": 0.7423728920675381, "Macro-R": 0.7455239975871527, "Macro-F1": 0.7439060669455697, "W Macro-P": 0.7950139503221239, "W Macro-R": 0.7936213297333783, "W Macro-F1": 0.7942877541675312, "MCC": 0.48788671376532255, "C": 0.10863198863683818, "kernel": "rbf", "gamma": "auto", "degree": 3, "use_feature_selection": false, "class_weight": null, "use_tfidf_weighting": true}