{"Accuracy": 0.8224772190347621, "Macro-P": 0.7778092800749364, "Macro-R": 0.7835417069756325, "Macro-F1": 0.780560051723769, "W Macro-P": 0.8244514925799478, "W Macro-R": 0.8224772190347621, "W Macro-F1": 0.8233835361658106, "MCC": 0.5613217169720731, "C": 0.6550558401977544, "kernel": "rbf", "gamma": "auto", "degree": 3, "use_feature_selection": false, "class_weight": null, "use_tfidf_weighting": true}