{"Accuracy": 0.7716841039487007, "Macro-P": 0.7198159286134931, "Macro-R": 0.7390164232953575, "Macro-F1": 0.7273772273556531, "W Macro-P": 0.7841889079460255, "W Macro-R": 0.7716841039487007, "W Macro-F1": 0.7764504778643193, "MCC": 0.4584304398294021, "C": 1.1207606211860568, "kernel": "linear", "class_weight": null}