
{"Accuracy": 0.7863651704353696, "Macro-P": 0.7328534020552565, "Macro-R": 0.7235679409990553, "Macro-F1": 0.7278414125937587, "W Macro-P": 0.7825348543828983, "W Macro-R": 0.7863651704353696, "W Macro-F1": 0.7841928912141745, "MCC": 0.4563268813125911, "C": 0.04812464417512225, "kernel": "rbf", "gamma": "auto", "use_feature_selection": false, "class_weight": null, "use_tfidf_weighting": false}

