{"Accuracy": 0.8256834289571381, "Macro-P": 0.7845336403964587, "Macro-R": 0.7705124739651503, "Macro-F1": 0.7769033058196106, "W Macro-P": 0.8221311336739303, "W Macro-R": 0.8256834289571381, "W Macro-F1": 0.8234829542576827, "MCC": 0.5548689899064695, "C": 4.809664916447186, "kernel": "rbf", "gamma": "auto", "use_feature_selection": false, "class_weight": null, "use_tfidf_weighting": true}