{"Accuracy": 0.813702328720891, "Macro-P": 0.7670819058037947, "Macro-R": 0.7784165405233147, "Macro-F1": 0.7722569657515734, "W Macro-P": 0.818267648143478, "W Macro-R": 0.813702328720891, "W Macro-F1": 0.8156368828468322, "MCC": 0.5453806753095175, "C": 2.4983309857245937, "vocab_size": 19500, "embedding_dim": 300, "pca_components": 570}