{"Accuracy": 0.814208572392845, "Macro-P": 0.7677437647951456, "Macro-R": 0.780836927944641, "Macro-F1": 0.7736299846005164, "W Macro-P": 0.8195759236920735, "W Macro-R": 0.814208572392845, "W Macro-F1": 0.8164243023759256, "MCC": 0.5484244209785017, "C": 2.3462475084374526, "vocab_size": 19500, "embedding_dim": 200, "pca_components": 410, "ngram_range": 2, "min_df": 4, "max_df": 1.0}