{"Accuracy": 0.7991900101248735, "Macro-P": 0.7498506186909801, "Macro-R": 0.7619844246155947, "Macro-F1": 0.7552886147579849, "W Macro-P": 0.8048430490760189, "W Macro-R": 0.7991900101248735, "W Macro-F1": 0.8015687311487368, "MCC": 0.5116911981951879, "C": 1.6341951281645433, "kernel": "rbf", "class_weight": null, "gamma": "scale"}