{"Accuracy": 0.6987850151873102, "Macro-P": 0.6452956282529014, "Macro-R": 0.6654688264684794, "Macro-F1": 0.6504818702531272, "W Macro-P": 0.7257120588372454, "W Macro-R": 0.6987850151873102, "W Macro-F1": 0.7084982667560088, "MCC": 0.31010899437461037, "C": 27.01609279279895, "kernel": "sigmoid", "gamma": "scale", "use_feature_selection": false, "class_weight": null, "use_tfidf_weighting": false}