{"Accuracy": 0.7973337833277084, "Macro-P": 0.7468623520365851, "Macro-R": 0.7441378908072795, "Macro-F1": 0.7454701407285234, "W Macro-P": 0.79625118605889, "W Macro-R": 0.7973337833277084, "W Macro-F1": 0.7967715232771004, "MCC": 0.49099268404299473, "C": 31.440481693383312, "kernel": "poly", "gamma": "scale", "degree": 2, "use_feature_selection": false, "class_weight": "balanced", "use_tfidf_weighting": true}