{"Accuracy": 0.8277084036449545, "Macro-P": 0.7863457677074699, "Macro-R": 0.7764296404629936, "Macro-F1": 0.7810764174772664, "W Macro-P": 0.8251012686602262, "W Macro-R": 0.8277084036449545, "W Macro-F1": 0.8261909459597903, "MCC": 0.5626880400914018, "C": 2.5440035348888768, "kernel": "rbf", "gamma": "auto", "degree": 3, "use_feature_selection": false, "class_weight": null, "use_tfidf_weighting": true}