{"Accuracy": 0.8130273371582856, "Macro-P": 0.7679238260969543, "Macro-R": 0.754610729203419, "Macro-F1": 0.760657228762565, "W Macro-P": 0.8091052927181698, "W Macro-R": 0.8130273371582856, "W Macro-F1": 0.8106468776857527, "MCC": 0.5223649327185566, "C": 39.59473533600205, "kernel": "poly", "gamma": "auto", "degree": 3, "use_feature_selection": false, "class_weight": "balanced", "use_tfidf_weighting": false}