{"Accuracy": 0.8285521430982112, "Macro-P": 0.7861785587626666, "Macro-R": 0.7837888246474626, "Macro-F1": 0.7849651126394377, "W Macro-P": 0.8278590435774812, "W Macro-R": 0.8285521430982112, "W Macro-F1": 0.8281927298035737, "MCC": 0.5699623736021946, "C": 2.5686200580576055, "kernel": "rbf", "gamma": "auto", "use_feature_selection": false, "class_weight": null, "use_tfidf_weighting": false}