{"Accuracy": 0.7924400944988188, "Macro-P": 0.7413826809498147, "Macro-R": 0.7497893026643752, "Macro-F1": 0.7452739432666308, "W Macro-P": 0.7964348065613326, "W Macro-R": 0.7924400944988188, "W Macro-F1": 0.7942157613687364, "MCC": 0.4911000368548615, "C": 5.824080708589066, "kernel": "rbf", "class_weight": null, "gamma": "scale"}