{"Accuracy": 0.753459331758353, "Macro-P": 0.7087764364363702, "Macro-R": 0.742227672626703, "Macro-F1": 0.7175490569234229, "W Macro-P": 0.7836061459439441, "W Macro-R": 0.753459331758353, "W Macro-F1": 0.7625176263570363, "MCC": 0.4497618494149041, "C": 0.23138873271085822, "class_weight": "balanced"}