{"Accuracy": 0.6484981437732028, "Macro-P": 0.6017915375199467, "Macro-R": 0.6201642045001878, "Macro-F1": 0.6024418288311382, "W Macro-P": 0.6908302119768024, "W Macro-R": 0.6484981437732028, "W Macro-F1": 0.6628607724784873, "MCC": 0.22119402461129384, "C": 0.011178674683093639, "kernel": "sigmoid", "gamma": "auto", "use_feature_selection": true, "feature_selection_method": "kbest", "k_best": 47, "class_weight": null, "use_tfidf_weighting": false}