{"Accuracy": 0.7821464731690854, "Macro-P": 0.7415236695821658, "Macro-R": 0.7829520105163721, "Macro-F1": 0.7521695264507282, "W Macro-P": 0.8143474760123753, "W Macro-R": 0.7821464731690854, "W Macro-F1": 0.7906552135039902, "MCC": 0.5228369072495389, "C": 0.23372610187995987, "kernel": "rbf", "gamma": "auto", "degree": 3, "use_feature_selection": false, "class_weight": "balanced", "use_tfidf_weighting": true}