{"Accuracy": 0.8278771515356058, "Macro-P": 0.7864992328624534, "Macro-R": 0.7769227376711472, "Macro-F1": 0.7814205516146655, "W Macro-P": 0.8253516007862155, "W Macro-R": 0.8278771515356058, "W Macro-F1": 0.8264147549055909, "MCC": 0.5633405787086674, "C": 2.511975940076113, "kernel": "rbf", "gamma": "auto", "degree": 3, "use_feature_selection": false, "class_weight": null, "use_tfidf_weighting": true}