{"Accuracy": 0.7602092473844076, "Macro-P": 0.7069259898544316, "Macro-R": 0.7256252631938358, "Macro-F1": 0.7141390058027007, "W Macro-P": 0.7736814346576117, "W Macro-R": 0.7602092473844076, "W Macro-F1": 0.7653798041319134, "MCC": 0.4321468774504851, "C": 2.645376476946901, "class_weight": null}