{"Accuracy": 0.7693216334795815, "Macro-P": 0.7165909010466222, "Macro-R": 0.7341834731343113, "Macro-F1": 0.7236546321671122, "W Macro-P": 0.7808291690105312, "W Macro-R": 0.7693216334795815, "W Macro-F1": 0.7738144019773214, "MCC": 0.45043094678935164, "C": 1.034754479987101, "class_weight": null}