{"Accuracy": 0.7463719203509956, "Macro-P": 0.693436431731752, "Macro-R": 0.7147417001468195, "Macro-F1": 0.7008815097548406, "W Macro-P": 0.764320694326144, "W Macro-R": 0.7463719203509956, "W Macro-F1": 0.7529661598792137, "MCC": 0.4076217276859053, "C": 9.74850926217369, "class_weight": null}