{"Accuracy": 0.7752278096523794, "Macro-P": 0.7220034749163198, "Macro-R": 0.7354432468729727, "Macro-F1": 0.727782651878828, "W Macro-P": 0.7831814026798357, "W Macro-R": 0.7752278096523794, "W Macro-F1": 0.7785263412356659, "MCC": 0.45724924910329107, "C": 0.20666668044155573, "class_weight": null}