{"Accuracy": 0.8135335808302396, "Macro-P": 0.766972956775079, "Macro-R": 0.7807467307057578, "Macro-F1": 0.7731230603058123, "W Macro-P": 0.8192647272546864, "W Macro-R": 0.8135335808302396, "W Macro-F1": 0.8158764538714398, "MCC": 0.5475464721882629, "C": 1.5582770950873948, "vocab_size": 16000, "embedding_dim": 100, "pca_components": 260, "ngram_range": 1, "min_df": 1, "max_df": 0.95}