{"Accuracy": 0.8027337158285521, "Macro-P": 0.7576824417736321, "Macro-R": 0.7889027520116545, "Macro-F1": 0.7687755037669348, "W Macro-P": 0.8205546311983781, "W Macro-R": 0.8027337158285521, "W Macro-F1": 0.8083410824173265, "MCC": 0.5456928314481884, "C": 0.45364898038280244, "kernel": "rbf", "gamma": "auto", "use_feature_selection": false, "class_weight": "balanced", "use_tfidf_weighting": true}