{"Accuracy": 0.8148835639554506, "Macro-P": 0.7685410269373407, "Macro-R": 0.7814917826616437, "Macro-F1": 0.7743738059592837, "W Macro-P": 0.8201497613438722, "W Macro-R": 0.8148835639554506, "W Macro-F1": 0.8170615079337391, "MCC": 0.5498803229444769, "C": 1.6175580625509012, "vocab_size": 15500, "embedding_dim": 200, "pca_components": 470}