{"Accuracy": 0.790246371920351, "Macro-P": 0.7395044065753893, "Macro-R": 0.7529782160864072, "Macro-F1": 0.7454050933442673, "W Macro-P": 0.7971776197638639, "W Macro-R": 0.790246371920351, "W Macro-F1": 0.7931131846640572, "MCC": 0.4922982734898653, "C": 0.09719791913708149, "kernel": "linear", "use_feature_selection": true, "feature_selection_method": "model_based", "class_weight": null, "use_tfidf_weighting": true}