{"Accuracy": 0.8143773202834964, "Macro-P": 0.7678725765232071, "Macro-R": 0.7783185186028247, "Macro-F1": 0.77268124125402, "W Macro-P": 0.8185110752844111, "W Macro-R": 0.8143773202834964, "W Macro-F1": 0.8161516215187934, "MCC": 0.5460911963116081, "C": 1.9491224729922454, "vocab_size": 14500, "embedding_dim": 100, "pca_components": 570}