{"Accuracy": 0.7411407357408032, "Macro-P": 0.6993042066352231, "Macro-R": 0.7348408886562035, "Macro-F1": 0.7068029574362487, "W Macro-P": 0.7778144591269713, "W Macro-R": 0.7411407357408032, "W Macro-F1": 0.7516046149282859, "MCC": 0.4326882341785382, "C": 0.012168915936702092, "kernel": "sigmoid", "gamma": "auto", "use_feature_selection": false, "class_weight": "balanced", "use_tfidf_weighting": true}