{"Accuracy": 0.7765777927775903, "Macro-P": 0.7564771437473572, "Macro-R": 0.6311620078986604, "Macro-F1": 0.6458972132024423, "W Macro-P": 0.7681561769783622, "W Macro-R": 0.7765777927775903, "W Macro-F1": 0.741947439190176, "MCC": 0.36682452019469325, "C": 0.01428884266239285, "kernel": "poly", "gamma": "scale", "degree": 2, "use_feature_selection": true, "feature_selection_method": "model_based", "class_weight": null, "use_tfidf_weighting": true}