{"Accuracy": 0.7489031387107661, "Macro-P": 0.7045839322206252, "Macro-R": 0.7381367868158383, "Macro-F1": 0.712999173942676, "W Macro-P": 0.780436856135834, "W Macro-R": 0.7489031387107661, "W Macro-F1": 0.7583245035115531, "MCC": 0.4414474385616885, "C": 2.079970663621354, "class_weight": "balanced"}