{"Accuracy": 0.7971650354370571, "Macro-P": 0.7476971239295525, "Macro-R": 0.761713832898945, "Macro-F1": 0.7538451437039002, "W Macro-P": 0.8039705950597575, "W Macro-R": 0.7971650354370571, "W Macro-F1": 0.7999531217915643, "MCC": 0.5092180817749823, "C": 2.084309582138189, "kernel": "rbf", "class_weight": null, "gamma": "scale"}