{"Accuracy": 0.8277084036449545, "Macro-P": 0.7850413580403361, "Macro-R": 0.7832055302004257, "Macro-F1": 0.7841123928656439, "W Macro-P": 0.8271671053051944, "W Macro-R": 0.8277084036449545, "W Macro-F1": 0.8274300964037796, "MCC": 0.5682439227404469, "C": 1.6850249171473333, "kernel": "rbf", "gamma": "auto", "use_feature_selection": false, "class_weight": null, "use_tfidf_weighting": true}