{"Accuracy": 0.8243334458319271, "Macro-P": 0.7836225485318724, "Macro-R": 0.7656266005030559, "Macro-F1": 0.7736113656014574, "W Macro-P": 0.8199656774981156, "W Macro-R": 0.8243334458319271, "W Macro-F1": 0.8214582904819646, "MCC": 0.5489542545332325, "C": 6.8644361515017085, "kernel": "rbf", "gamma": "auto", "use_feature_selection": false, "class_weight": null, "use_tfidf_weighting": true}