{"Accuracy": 0.8148835639554506, "Macro-P": 0.7684882811554845, "Macro-R": 0.7794213719085394, "Macro-F1": 0.773501468761771, "W Macro-P": 0.8192163465640424, "W Macro-R": 0.8148835639554506, "W Macro-F1": 0.8167296661097678, "MCC": 0.547800561744258, "C": 1.5757778480391922, "vocab_size": 18000, "embedding_dim": 100, "pca_components": 470, "ngram_range": 3, "min_df": 5, "max_df": 1.0}