{"Accuracy": 0.813702328720891, "Macro-P": 0.7672252570954017, "Macro-R": 0.7819927045514039, "Macro-F1": 0.7737587255496488, "W Macro-P": 0.8199152020487199, "W Macro-R": 0.813702328720891, "W Macro-F1": 0.8162048195219809, "MCC": 0.5490193911794976, "C": 1.7668766738657316, "vocab_size": 10000, "embedding_dim": 100, "pca_components": 290, "ngram_range": 2, "min_df": 1, "max_df": 0.85}