{"Accuracy": 0.7257846776915289, "Macro-P": 0.6721286630351817, "Macro-R": 0.6931687684235686, "Macro-F1": 0.6787747704689413, "W Macro-P": 0.747326658152075, "W Macro-R": 0.7257846776915289, "W Macro-F1": 0.7336438549466504, "MCC": 0.36469100262496995, "C": 1.772022334391905, "kernel": "sigmoid", "gamma": "auto", "use_feature_selection": false, "class_weight": null, "use_tfidf_weighting": true}