{"Accuracy": 0.7467094161322984, "Macro-P": 0.7690097775483519, "Macro-R": 0.5516007875897705, "Macro-F1": 0.5249217342770885, "W Macro-P": 0.7581868215126077, "W Macro-R": 0.7467094161322984, "W Macro-F1": 0.6698588066872849, "MCC": 0.23563629933305183, "C": 0.26827180853083943, "kernel": "rbf", "gamma": "auto", "use_feature_selection": true, "feature_selection_method": "pca", "n_components": 0.7144680598117094, "class_weight": null, "use_tfidf_weighting": false}