{"Accuracy": 0.8277084036449545, "Macro-P": 0.7846190248150069, "Macro-R": 0.7862170367503956, "Macro-F1": 0.7854095263698951, "W Macro-P": 0.8282025478975914, "W Macro-R": 0.8277084036449545, "W Macro-F1": 0.8279495602998864, "MCC": 0.5708338248048676, "C": 1.3238972802486981, "kernel": "rbf", "gamma": "auto", "use_feature_selection": false, "class_weight": null, "use_tfidf_weighting": true}