{"Accuracy": 0.8088086398920014, "Macro-P": 0.7615928389471653, "Macro-R": 0.7778567201210975, "Macro-F1": 0.7686489488918824, "W Macro-P": 0.8161011327080886, "W Macro-R": 0.8088086398920014, "W Macro-F1": 0.8116876456866635, "MCC": 0.539204333205978, "C": 2.1686839764063093, "vocab_size": 17000, "embedding_dim": 200, "pca_components": 150, "ngram_range": 2, "min_df": 2, "max_df": 0.9}