{"Accuracy": 0.8234897063786702, "Macro-P": 0.7790612034468367, "Macro-R": 0.7846180986308229, "Macro-F1": 0.7817319841971967, "W Macro-P": 0.8253802809715142, "W Macro-R": 0.8234897063786702, "W Macro-F1": 0.8243596589241177, "MCC": 0.5636519107629032, "C": 1.2672156863138504, "kernel": "rbf", "gamma": "auto", "use_feature_selection": true, "feature_selection_method": "model_based", "class_weight": null, "use_tfidf_weighting": true}