{"Accuracy": 0.7966587917651029, "Macro-P": 0.7460098698619644, "Macro-R": 0.7432948169309037, "Macro-F1": 0.7446224143029729, "W Macro-P": 0.7955723873751688, "W Macro-R": 0.7966587917651029, "W Macro-F1": 0.7960946590748593, "MCC": 0.48929715409457303, "C": 26.44646503055482, "kernel": "poly", "gamma": "auto", "degree": 2, "use_feature_selection": false, "class_weight": null, "use_tfidf_weighting": true}