{"Accuracy": 0.7777590280121498, "Macro-P": 0.7250038186268257, "Macro-R": 0.7386988834890682, "Macro-F1": 0.7308940733811656, "W Macro-P": 0.7856952464675072, "W Macro-R": 0.7777590280121498, "W Macro-F1": 0.7810374902649441, "MCC": 0.46350042195018604, "C": 0.10522089500182744, "class_weight": null}