{"Accuracy": 0.76172797840027, "Macro-P": 0.7196320468979943, "Macro-R": 0.7571666970169468, "Macro-F1": 0.7288327136004418, "W Macro-P": 0.7947911796611665, "W Macro-R": 0.76172797840027, "W Macro-F1": 0.7710036780676635, "MCC": 0.47531904258015323, "C": 0.2051110418843398, "kernel": "rbf", "class_weight": "balanced", "gamma": "auto"}