{"Accuracy": 0.7713466081673979, "Macro-P": 0.7130974213570435, "Macro-R": 0.7018921502794122, "Macro-F1": 0.7068867681573417, "W Macro-P": 0.7660257689876059, "W Macro-R": 0.7713466081673979, "W Macro-F1": 0.7682616284188057, "MCC": 0.4148382654325488, "C": 2.2772400952747716, "kernel": "sigmoid", "gamma": "auto", "max_features": 20000, "min_df": 4, "max_df": 0.8, "ngram_range": "1,1"}