{"Accuracy": 0.603948700641242, "Macro-P": 0.5789552422019681, "Macro-R": 0.5972714623903121, "Macro-F1": 0.5698268413732994, "W Macro-P": 0.6745227147891337, "W Macro-R": 0.603948700641242, "W Macro-F1": 0.6239229705662149, "MCC": 0.17527226674367777, "C": 6.710055315052567, "kernel": "sigmoid", "gamma": "auto", "use_feature_selection": true, "feature_selection_method": "kbest", "k_best": 95, "class_weight": "balanced", "use_tfidf_weighting": false}