{"Accuracy": 0.8115086061424233, "Macro-P": 0.7644119046453222, "Macro-R": 0.7742649067297952, "Macro-F1": 0.7689634506079046, "W Macro-P": 0.8154848030720964, "W Macro-R": 0.8115086061424233, "W Macro-F1": 0.81323182714913, "MCC": 0.5385866926161351, "C": 0.3264497859213182, "kernel": "rbf", "gamma": "scale", "use_feature_selection": false, "class_weight": null, "use_tfidf_weighting": true}