{"Accuracy": 0.7753965575430307, "Macro-P": 0.722222356326764, "Macro-R": 0.7357481249217532, "Macro-F1": 0.7280334181247772, "W Macro-P": 0.7833958069433908, "W Macro-R": 0.7753965575430307, "W Macro-F1": 0.7787098705714812, "MCC": 0.4577707016388371, "C": 0.20566143262696085, "class_weight": null}