{"Accuracy": 0.7973337833277084, "Macro-P": 0.7471454395782806, "Macro-R": 0.7539252870946815, "Macro-F1": 0.7503414109336739, "W Macro-P": 0.8003499097549577, "W Macro-R": 0.7973337833277084, "W Macro-F1": 0.7987046226624235, "MCC": 0.5010248564654499, "C": 0.7845910564473619, "kernel": "rbf", "class_weight": null, "gamma": "scale"}