{"Accuracy": 0.8147148160647992, "Macro-P": 0.7682841213163463, "Macro-R": 0.7791164938597589, "Macro-F1": 0.7732549678843837, "W Macro-P": 0.8190089843652341, "W Macro-R": 0.8147148160647992, "W Macro-F1": 0.8165472955423867, "MCC": 0.5472934251388912, "C": 1.5754719262601444, "vocab_size": 17500, "embedding_dim": 100, "pca_components": 480}