{"Accuracy": 0.7941275734053325, "Macro-P": 0.7429547875488223, "Macro-R": 0.7453093167772555, "Macro-F1": 0.7441085706915593, "W Macro-P": 0.7951533964063111, "W Macro-R": 0.7941275734053325, "W Macro-F1": 0.7946239451879882, "MCC": 0.4882584272344508, "C": 0.11798208447894092, "kernel": "rbf", "gamma": "auto", "degree": 3, "use_feature_selection": false, "class_weight": null, "use_tfidf_weighting": true}