{"Accuracy": 0.8207897401282483, "Macro-P": 0.7788217650435503, "Macro-R": 0.761482791391143, "Macro-F1": 0.7691869280846315, "W Macro-P": 0.8163630977258056, "W Macro-R": 0.8207897401282483, "W Macro-F1": 0.8179167784298886, "MCC": 0.5400262713023986, "C": 28.582324427559602, "kernel": "rbf", "gamma": "scale", "use_feature_selection": false, "class_weight": "balanced", "use_tfidf_weighting": true}