{"Accuracy": 0.8297333783327708, "Macro-P": 0.7882506102404119, "Macro-R": 0.7821585878014636, "Macro-F1": 0.785086698242313, "W Macro-P": 0.8280776800417116, "W Macro-R": 0.8297333783327708, "W Macro-F1": 0.8288242456393331, "MCC": 0.5703766654355513, "C": 2.5959985914603885, "kernel": "rbf", "gamma": "auto", "use_feature_selection": false, "class_weight": null, "use_tfidf_weighting": true}