{"Accuracy": 0.8147148160647992, "Macro-P": 0.768308532767584, "Macro-R": 0.7802458088159976, "Macro-F1": 0.7737333584819998, "W Macro-P": 0.8195141314349867, "W Macro-R": 0.8147148160647992, "W Macro-F1": 0.8167297648119313, "MCC": 0.5484244406577271, "C": 1.6746684570849886, "vocab_size": 12500, "embedding_dim": 100, "pca_components": 480, "ngram_range": 1, "min_df": 3, "max_df": 0.85}