{"Accuracy": 0.8145460681741479, "Macro-P": 0.7681388838935808, "Macro-R": 0.7810702457234557, "Macro-F1": 0.7739624546483618, "W Macro-P": 0.8198196118423942, "W Macro-R": 0.8145460681741479, "W Macro-F1": 0.8167279828798353, "MCC": 0.5490568713129157, "C": 2.3857812633519884, "vocab_size": 13500, "embedding_dim": 100, "pca_components": 280, "ngram_range": 1, "min_df": 5, "max_df": 0.95}