{"Accuracy": 0.8061086736415795, "Macro-P": 0.7587243839954085, "Macro-R": 0.7773077120061914, "Macro-F1": 0.7665661767188898, "W Macro-P": 0.814897695108208, "W Macro-R": 0.8061086736415795, "W Macro-F1": 0.809464678915461, "MCC": 0.5357098728452857, "C": 2.115185213143915, "vocab_size": 16500, "embedding_dim": 300, "pca_components": 120, "ngram_range": 2, "min_df": 3, "max_df": 0.85}