{"Accuracy": 0.8131960850489369, "Macro-P": 0.7664727445288577, "Macro-R": 0.7776901255363463, "Macro-F1": 0.7715978912760364, "W Macro-P": 0.8177289464426759, "W Macro-R": 0.8131960850489369, "W Macro-F1": 0.8151205566469715, "MCC": 0.5440472401556073, "C": 1.7959071363245973, "vocab_size": 15000, "embedding_dim": 100, "pca_components": 500, "ngram_range": 2, "min_df": 4, "max_df": 0.9}