{"Accuracy": 0.813702328720891, "Macro-P": 0.7670578547274152, "Macro-R": 0.777287225567076, "Macro-F1": 0.7717737982261557, "W Macro-P": 0.8177650355765265, "W Macro-R": 0.813702328720891, "W Macro-F1": 0.81545210204075, "MCC": 0.5442489562810763, "C": 2.4787566392425937, "vocab_size": 17500, "embedding_dim": 100, "pca_components": 560, "ngram_range": 2, "min_df": 5, "max_df": 0.95}