{"Accuracy": 0.7500843739453257, "Macro-P": 0.7057257300885524, "Macro-R": 0.7393298373604361, "Macro-F1": 0.7142322585791885, "W Macro-P": 0.7813526448082831, "W Macro-R": 0.7500843739453257, "W Macro-F1": 0.7594274454580827, "MCC": 0.44378510801039833, "C": 1.013942715292851, "class_weight": "balanced"}