{"Accuracy": 0.8148835639554506, "Macro-P": 0.7685924903254154, "Macro-R": 0.7828093167772554, "Macro-F1": 0.7749215120716662, "W Macro-P": 0.8207586661452931, "W Macro-R": 0.8148835639554506, "W Macro-F1": 0.8172681637674986, "MCC": 0.5512184999813862, "C": 1.591577284915806, "vocab_size": 12500, "embedding_dim": 300, "pca_components": 420, "ngram_range": 2, "min_df": 4, "max_df": 0.85}