{"Accuracy": 0.8131960850489369, "Macro-P": 0.7667257531277538, "Macro-R": 0.7829602619987935, "Macro-F1": 0.7738039022269934, "W Macro-P": 0.820186839329254, "W Macro-R": 0.8131960850489369, "W Macro-F1": 0.8159517856668891, "MCC": 0.549446226620421, "C": 2.264223641159476, "vocab_size": 16000, "embedding_dim": 300, "pca_components": 280, "ngram_range": 2, "min_df": 3, "max_df": 0.95}