{"Accuracy": 0.8143773202834964, "Macro-P": 0.7679279999913053, "Macro-R": 0.7805771485153021, "Macro-F1": 0.7736383436213421, "W Macro-P": 0.8195253557818755, "W Macro-R": 0.8143773202834964, "W Macro-F1": 0.8165163596309127, "MCC": 0.5483592772807565, "C": 1.6038493700834442, "vocab_size": 14500, "embedding_dim": 300, "pca_components": 580}