{"Accuracy": 0.7564967937900776, "Macro-P": 0.7116478562404531, "Macro-R": 0.7450804092735281, "Macro-F1": 0.7206428924180441, "W Macro-P": 0.7858167867131448, "W Macro-R": 0.7564967937900776, "W Macro-F1": 0.7653293846603431, "MCC": 0.45550298892224655, "C": 0.10623818229569264, "class_weight": "balanced"}