{"Accuracy": 0.8145460681741479, "Macro-P": 0.7681456488623751, "Macro-R": 0.7812584648828289, "Macro-F1": 0.7740411926212238, "W Macro-P": 0.8199059817034167, "W Macro-R": 0.8145460681741479, "W Macro-F1": 0.8167577732162963, "MCC": 0.5492476074196108, "C": 1.874063373572887, "vocab_size": 19000, "embedding_dim": 200, "pca_components": 470, "ngram_range": 2, "min_df": 1, "max_df": 0.95}