{"Accuracy": 0.7777590280121498, "Macro-P": 0.7249652957859121, "Macro-R": 0.738510664329695, "Macro-F1": 0.7308022174920807, "W Macro-P": 0.785595597639482, "W Macro-R": 0.7777590280121498, "W Macro-F1": 0.7810033167389908, "MCC": 0.46327798198932024, "C": 0.10439056614271486, "class_weight": null}