{"Accuracy": 0.7762402969962875, "Macro-P": 0.7231958981392349, "Macro-R": 0.7367078576875363, "Macro-F1": 0.7290088561496442, "W Macro-P": 0.7841670012564206, "W Macro-R": 0.7762402969962875, "W Macro-F1": 0.779523970329199, "MCC": 0.4597052224771168, "C": 0.19813315378182872, "class_weight": null}