{"Accuracy": 0.7676341545730678, "Macro-P": 0.7248753746392504, "Macro-R": 0.7620026347836973, "Macro-F1": 0.7345893561579298, "W Macro-P": 0.7985340541346156, "W Macro-R": 0.7676341545730678, "W Macro-F1": 0.776405012115106, "MCC": 0.48546036152688987, "C": 0.043672683596559146, "kernel": "rbf", "gamma": "auto", "degree": 3, "use_feature_selection": false, "class_weight": "balanced", "use_tfidf_weighting": true}