{"Accuracy": 0.8266959163010462, "Macro-P": 0.7830282382233371, "Macro-R": 0.7881521516451748, "Macro-F1": 0.7855007356095836, "W Macro-P": 0.8283754423809582, "W Macro-R": 0.8266959163010462, "W Macro-F1": 0.8274731838612625, "MCC": 0.5711574067466787, "C": 1.0441971874688576, "kernel": "rbf", "gamma": "auto", "use_feature_selection": false, "class_weight": null, "use_tfidf_weighting": true}