{"Accuracy": 0.8268646641916976, "Macro-P": 0.7846441784067071, "Macro-R": 0.7782931950878071, "Macro-F1": 0.7813383222097787, "W Macro-P": 0.82509146493353, "W Macro-R": 0.8268646641916976, "W Macro-F1": 0.8258881376255174, "MCC": 0.562901546887007, "C": 3.58802409102912, "kernel": "rbf", "gamma": "auto", "use_feature_selection": false, "class_weight": null, "use_tfidf_weighting": false}