{"Accuracy": 0.8204522443469456, "Macro-P": 0.7784216174653902, "Macro-R": 0.7608730352935821, "Macro-F1": 0.7686571227507846, "W Macro-P": 0.8159682206823368, "W Macro-R": 0.8204522443469456, "W Macro-F1": 0.8175336889930964, "MCC": 0.5390090627792633, "C": 49.843151984614416, "kernel": "rbf", "gamma": "scale", "use_feature_selection": false, "class_weight": "balanced", "use_tfidf_weighting": true}