{"Accuracy": 0.752109348633142, "Macro-P": 0.6982262875839482, "Macro-R": 0.7172023491116852, "Macro-F1": 0.7053363461011527, "W Macro-P": 0.7669038307131231, "W Macro-R": 0.752109348633142, "W Macro-F1": 0.7577553908701674, "MCC": 0.414995013555209, "C": 7.2204972088264645, "kernel": "linear", "class_weight": null}