{"Accuracy": 0.8140398245021937, "Macro-P": 0.7674862815230185, "Macro-R": 0.7788380774615025, "Macro-F1": 0.7726695437121684, "W Macro-P": 0.8185985946860467, "W Macro-R": 0.8140398245021937, "W Macro-F1": 0.8159708740010952, "MCC": 0.5462064096555612, "C": 1.9750460148556135, "vocab_size": 16000, "embedding_dim": 200, "pca_components": 580}