{"Accuracy": 0.8133648329395883, "Macro-P": 0.766677530084571, "Macro-R": 0.7779950035851269, "Macro-F1": 0.7718443877909784, "W Macro-P": 0.8179367016009095, "W Macro-R": 0.8133648329395883, "W Macro-F1": 0.8153028916925692, "MCC": 0.5445549409634737, "C": 1.5002966774645379, "vocab_size": 15000, "embedding_dim": 100, "pca_components": 530, "ngram_range": 3, "min_df": 3, "max_df": 0.95}