{"Accuracy": 0.8164022949713129, "Macro-P": 0.772596303181051, "Macro-R": 0.7576967836290589, "Macro-F1": 0.7644049253804425, "W Macro-P": 0.8122645626872224, "W Macro-R": 0.8164022949713129, "W Macro-F1": 0.8138248391510757, "MCC": 0.5300837313441288, "C": 92.68682484073543, "kernel": "rbf", "gamma": "auto", "use_feature_selection": false, "class_weight": null, "use_tfidf_weighting": false}