{"Accuracy": 0.771852851839352, "Macro-P": 0.7183328880933935, "Macro-R": 0.7325454116067058, "Macro-F1": 0.7243519514085865, "W Macro-P": 0.7806080965682423, "W Macro-R": 0.771852851839352, "W Macro-F1": 0.7754443833353367, "MCC": 0.4506542414266576, "C": 0.3080471697398631, "class_weight": null}