{"Accuracy": 0.7760715491056361, "Macro-P": 0.7242064755933142, "Macro-R": 0.7418613352605761, "Macro-F1": 0.7313870427260776, "W Macro-P": 0.7869281321351806, "W Macro-R": 0.7760715491056361, "W Macro-F1": 0.780305207343501, "MCC": 0.4657333037740237, "C": 0.5611516415334505, "kernel": "linear", "class_weight": null}