{"Accuracy": 0.8255146810664866, "Macro-P": 0.7816702356181358, "Macro-R": 0.7856415669849652, "Macro-F1": 0.783602038324029, "W Macro-P": 0.8268112483248816, "W Macro-R": 0.8255146810664866, "W Macro-F1": 0.8261253714131942, "MCC": 0.5672979022523832, "C": 2.5837240315961636, "kernel": "rbf", "gamma": "auto", "degree": 3, "use_feature_selection": false, "class_weight": "balanced", "use_tfidf_weighting": true}