{"Accuracy": 0.8147148160647992, "Macro-P": 0.768308532767584, "Macro-R": 0.7802458088159976, "Macro-F1": 0.7737333584819998, "W Macro-P": 0.8195141314349867, "W Macro-R": 0.8147148160647992, "W Macro-F1": 0.8167297648119313, "MCC": 0.5484244406577271, "C": 2.077421163597021, "vocab_size": 15000, "embedding_dim": 200, "pca_components": 480, "ngram_range": 1, "min_df": 5, "max_df": 1.0}