{"Accuracy": 0.7701653729328384, "Macro-P": 0.7168627616457435, "Macro-R": 0.7325081376688709, "Macro-F1": 0.7233388012846669, "W Macro-P": 0.78010881970209, "W Macro-R": 0.7701653729328384, "W Macro-F1": 0.7741604208831335, "MCC": 0.4490984606519156, "C": 0.6278124456054426, "class_weight": null}