{"Accuracy": 0.6208234897063787, "Macro-P": 0.5760195310142395, "Macro-R": 0.5904918737124842, "Macro-F1": 0.5739821132099304, "W Macro-P": 0.6683491842069188, "W Macro-R": 0.6208234897063787, "W Macro-F1": 0.6370570659883538, "MCC": 0.16588128044143907, "C": 0.63061260925161, "kernel": "sigmoid", "gamma": "auto", "use_feature_selection": true, "feature_selection_method": "kbest", "k_best": 48, "class_weight": null, "use_tfidf_weighting": true}