{"Accuracy": 0.8280458994262572, "Macro-P": 0.7853219948622553, "Macro-R": 0.7845681629354792, "Macro-F1": 0.7849432105418603, "W Macro-P": 0.8278210367706571, "W Macro-R": 0.8280458994262572, "W Macro-F1": 0.8279321720149527, "MCC": 0.5698896592254967, "C": 2.114486765373111, "kernel": "rbf", "gamma": "auto", "use_feature_selection": false, "class_weight": null, "use_tfidf_weighting": false}