{"Accuracy": 0.7772527843401957, "Macro-P": 0.7244664887402597, "Macro-R": 0.7383489068208461, "Macro-F1": 0.7304189164152242, "W Macro-P": 0.7853525123485555, "W Macro-R": 0.7772527843401957, "W Macro-F1": 0.7805899344433517, "MCC": 0.4626071430886239, "C": 0.11543656621166823, "class_weight": null}