{"Accuracy": 0.8255146810664866, "Macro-P": 0.7824388194245523, "Macro-R": 0.7794303347256525, "Macro-F1": 0.7809046311393346, "W Macro-P": 0.8246219170946332, "W Macro-R": 0.8255146810664866, "W Macro-F1": 0.8250475601248412, "MCC": 0.5618610997437739, "C": 3.3687969540756377, "kernel": "rbf", "gamma": "auto", "degree": 3, "use_feature_selection": false, "class_weight": "balanced", "use_tfidf_weighting": true}