{"Accuracy": 0.8177522780965238, "Macro-P": 0.7778278271569952, "Macro-R": 0.7477133435006772, "Macro-F1": 0.7599460965697776, "W Macro-P": 0.8111527789506837, "W Macro-R": 0.8177522780965238, "W Macro-F1": 0.8125441558269202, "MCC": 0.5246776533552293, "C": 65.83229490330683, "kernel": "poly", "gamma": "auto", "degree": 5, "use_feature_selection": true, "feature_selection_method": "model_based", "class_weight": null, "use_tfidf_weighting": true}