{"Accuracy": 0.8101586230172123, "Macro-P": 0.7628732283360636, "Macro-R": 0.7748373888895211, "Macro-F1": 0.7682912778570501, "W Macro-P": 0.8151797309808458, "W Macro-R": 0.8101586230172123, "W Macro-F1": 0.8122694419276293, "MCC": 0.5375774983566282, "C": 2.109635100859341, "vocab_size": 10000, "embedding_dim": 200, "pca_components": 490}