{"Accuracy": 0.7676341545730678, "Macro-P": 0.7145902410927343, "Macro-R": 0.731887569283999, "Macro-F1": 0.7215415146211912, "W Macro-P": 0.7790912498560443, "W Macro-R": 0.7676341545730678, "W Macro-F1": 0.7721268009391777, "MCC": 0.44614262024183016, "C": 0.11715549227839313, "kernel": "poly", "gamma": "auto", "degree": 3, "use_feature_selection": true, "feature_selection_method": "kbest", "k_best": 74, "class_weight": "balanced", "use_tfidf_weighting": false}