{"Accuracy": 0.781977725278434, "Macro-P": 0.7359626594245662, "Macro-R": 0.7675895997177424, "Macro-F1": 0.7463106927881704, "W Macro-P": 0.8036800477723606, "W Macro-R": 0.781977725278434, "W Macro-F1": 0.7887836756726158, "MCC": 0.5025580706097699, "C": 0.1830666758696374, "kernel": "linear", "use_feature_selection": false, "class_weight": "balanced", "use_tfidf_weighting": false}