{"Accuracy": 0.8022274721565981, "Macro-P": 0.756666872438271, "Macro-R": 0.786294145430955, "Macro-F1": 0.7674382970493245, "W Macro-P": 0.8188719017750581, "W Macro-R": 0.8022274721565981, "W Macro-F1": 0.8076006693590304, "MCC": 0.5421520927014881, "C": 0.5427863355427467, "kernel": "rbf", "gamma": "auto", "use_feature_selection": false, "class_weight": "balanced", "use_tfidf_weighting": false}