{"Accuracy": 0.7602092473844076, "Macro-P": 0.7152653075996868, "Macro-R": 0.7487762197967289, "Macro-F1": 0.7245189519280542, "W Macro-P": 0.7886737425813976, "W Macro-R": 0.7602092473844076, "W Macro-F1": 0.7687929893296066, "MCC": 0.46282994491726726, "C": 0.4330843599379617, "kernel": "linear", "class_weight": "balanced"}