{"Accuracy": 0.7937900776240298, "Macro-P": 0.7436074268695141, "Macro-R": 0.7567455868795738, "Macro-F1": 0.7494043763046139, "W Macro-P": 0.800303965680978, "W Macro-R": 0.7937900776240298, "W Macro-F1": 0.7964952206074103, "MCC": 0.5001804945410657, "C": 3.441304198834364, "kernel": "rbf", "class_weight": null, "gamma": "scale"}