{"Accuracy": 0.8287208909888626, "Macro-P": 0.786602198493051, "Macro-R": 0.7827761685806313, "Macro-F1": 0.7846419127441866, "W Macro-P": 0.8276353576771149, "W Macro-R": 0.8287208909888626, "W Macro-F1": 0.8281454474086449, "MCC": 0.5693655121155496, "C": 2.019363111495994, "kernel": "rbf", "gamma": "auto", "use_feature_selection": false, "class_weight": null, "use_tfidf_weighting": true}