{"Accuracy": 0.8061086736415795, "Macro-P": 0.7578843375328619, "Macro-R": 0.7669556582406701, "Macro-F1": 0.7620909798454407, "W Macro-P": 0.8099241390596429, "W Macro-R": 0.8061086736415795, "W Macro-F1": 0.8077837290743867, "MCC": 0.5247615956833895, "C": 0.25375495725639785, "kernel": "rbf", "gamma": "auto", "degree": 3, "use_feature_selection": false, "class_weight": null, "use_tfidf_weighting": true}