{"Accuracy": 0.7519406007424907, "Macro-P": 0.7066927934047764, "Macro-R": 0.7392955510283055, "Macro-F1": 0.7153763465452965, "W Macro-P": 0.7814279358614507, "W Macro-R": 0.7519406007424907, "W Macro-F1": 0.7609267310112927, "MCC": 0.4447950804196272, "C": 0.01187063667871484, "kernel": "rbf", "gamma": "auto", "use_feature_selection": true, "feature_selection_method": "model_based", "class_weight": "balanced", "use_tfidf_weighting": true}