{"Accuracy": 0.7775902801214984, "Macro-P": 0.7248245380718064, "Macro-R": 0.7385822245996608, "Macro-F1": 0.7307356523108529, "W Macro-P": 0.7855809146877705, "W Macro-R": 0.7775902801214984, "W Macro-F1": 0.7808883000402088, "MCC": 0.46320249756564447, "C": 0.10597400754788909, "class_weight": null}