{"Accuracy": 0.814208572392845, "Macro-P": 0.7676745880027495, "Macro-R": 0.7783900788727905, "Macro-F1": 0.7725952765182669, "W Macro-P": 0.8184703481909479, "W Macro-R": 0.814208572392845, "W Macro-F1": 0.8160306930406076, "MCC": 0.5459595210867823, "C": 2.4050416398325187, "vocab_size": 13000, "embedding_dim": 100, "pca_components": 420}