{"Accuracy": 0.820620992237597, "Macro-P": 0.7754410949478507, "Macro-R": 0.7833877741483901, "Macro-F1": 0.7791874344306171, "W Macro-P": 0.8234901336249684, "W Macro-R": 0.820620992237597, "W Macro-F1": 0.8218961192600946, "MCC": 0.5587723644070697, "C": 0.8004144870835422, "kernel": "rbf", "gamma": "auto", "use_feature_selection": false, "class_weight": null, "use_tfidf_weighting": false}