{"Accuracy": 0.7809652379345258, "Macro-P": 0.7270662524977005, "Macro-R": 0.6955545849788876, "Macro-F1": 0.7072277031759082, "W Macro-P": 0.7702572626327217, "W Macro-R": 0.7809652379345258, "W Macro-F1": 0.7728327862193858, "MCC": 0.42144440568074515, "C": 0.13777577763461538, "kernel": "rbf", "class_weight": null, "gamma": "auto"}