{"Accuracy": 0.7877151535605805, "Macro-P": 0.7419452268887097, "Macro-R": 0.7736264127106973, "Macro-F1": 0.7525483026363309, "W Macro-P": 0.8084146154582872, "W Macro-R": 0.7877151535605805, "W Macro-F1": 0.794200714250281, "MCC": 0.5145973358113445, "C": 1.9383199835819545, "kernel": "rbf", "class_weight": "balanced", "gamma": "scale"}