{"Accuracy": 0.7772527843401957, "Macro-P": 0.7243495267088682, "Macro-R": 0.7377842493427267, "Macro-F1": 0.7301429266323753, "W Macro-P": 0.7850529177290297, "W Macro-R": 0.7772527843401957, "W Macro-F1": 0.7804873060729621, "MCC": 0.4619384539042588, "C": 0.18928413534058336, "class_weight": null}