{"Accuracy": 0.8148835639554506, "Macro-P": 0.7685232112724245, "Macro-R": 0.7809271251835244, "Macro-F1": 0.774137316250499, "W Macro-P": 0.8198923457779884, "W Macro-R": 0.8148835639554506, "W Macro-F1": 0.8169718698568964, "MCC": 0.5493103086154868, "C": 1.8914962753100921, "vocab_size": 20000, "embedding_dim": 100, "pca_components": 320, "ngram_range": 2, "min_df": 2, "max_df": 0.9}