{"Accuracy": 0.7770840364495444, "Macro-P": 0.7242483212076984, "Macro-R": 0.7380440287720655, "Macro-F1": 0.7301687409206685, "W Macro-P": 0.7851382613339722, "W Macro-R": 0.7770840364495444, "W Macro-F1": 0.7804066494473401, "MCC": 0.46208645868777753, "C": 0.10918457916324491, "class_weight": null}