{"Accuracy": 0.8145460681741479, "Macro-P": 0.7680949821910779, "Macro-R": 0.7795644924484708, "Macro-F1": 0.7733282977885054, "W Macro-P": 0.8191371638817767, "W Macro-R": 0.8145460681741479, "W Macro-F1": 0.8164870712116987, "MCC": 0.5475393597696171, "C": 2.39806961556027, "vocab_size": 19000, "embedding_dim": 300, "pca_components": 560, "ngram_range": 1, "min_df": 4, "max_df": 0.85}