{"Accuracy": 0.8170772865339183, "Macro-P": 0.7711622986615583, "Macro-R": 0.7845141014989244, "Macro-F1": 0.7771640409482474, "W Macro-P": 0.8224243484127249, "W Macro-R": 0.8170772865339183, "W Macro-F1": 0.8192734699034648, "MCC": 0.555515968318018, "C": 1.847594638292815, "vocab_size": 13500, "embedding_dim": 300, "pca_components": 530}