{"Accuracy": 0.7897401282483969, "Macro-P": 0.7486761277321952, "Macro-R": 0.7898956329740618, "Macro-F1": 0.7599369160248877, "W Macro-P": 0.8196926933308029, "W Macro-R": 0.7897401282483969, "W Macro-F1": 0.7977047797908864, "MCC": 0.5369920798464848, "C": 0.30580963650482534, "kernel": "rbf", "gamma": "auto", "degree": 3, "use_feature_selection": false, "class_weight": "balanced", "use_tfidf_weighting": true}