{"Accuracy": 0.8138710766115423, "Macro-P": 0.7672773136450912, "Macro-R": 0.7783449802533489, "Macro-F1": 0.7723429780699487, "W Macro-P": 0.8183067411323551, "W Macro-R": 0.8138710766115423, "W Macro-F1": 0.815757971646028, "MCC": 0.545510031397081, "C": 1.8786382760169191, "vocab_size": 15000, "embedding_dim": 100, "pca_components": 460, "ngram_range": 3, "min_df": 3, "max_df": 0.9}