{"Accuracy": 0.6695916301046237, "Macro-P": 0.6158795240470846, "Macro-R": 0.6332408124011245, "Macro-F1": 0.6190770529398849, "W Macro-P": 0.700982657357413, "W Macro-R": 0.6695916301046237, "W Macro-F1": 0.681014759695167, "MCC": 0.24851464282564265, "C": 0.02739451997608839, "kernel": "sigmoid", "gamma": "auto", "use_feature_selection": true, "feature_selection_method": "pca", "n_components": 0.9358134062657535, "class_weight": null, "use_tfidf_weighting": true}