{"Accuracy": 0.7948025649679379, "Macro-P": 0.762256221840369, "Macro-R": 0.6829107531042646, "Macro-F1": 0.703214452987478, "W Macro-P": 0.7841245874867752, "W Macro-R": 0.7948025649679379, "W Macro-F1": 0.7768299281698282, "MCC": 0.4380387336439598, "C": 0.4665617697641301, "kernel": "poly", "gamma": "scale", "degree": 5, "use_feature_selection": false, "class_weight": null, "use_tfidf_weighting": true}