{"Accuracy": 0.7774215322308471, "Macro-P": 0.7246845823355392, "Macro-R": 0.7386537848696266, "Macro-F1": 0.7306689881627475, "W Macro-P": 0.7855667679476618, "W Macro-R": 0.7774215322308471, "W Macro-F1": 0.7807731726925943, "MCC": 0.4631277403750619, "C": 0.10829513955688448, "class_weight": null}